id,type,severity,arrival_tick,resolved_tick,response_time,description
1,"Network Overload",2,0,1,1,"Data-centre link congested"
4,"Power Failure",5,1,2,1,"Substation fault in the north grid"
5,"Network Overload",4,2,3,1,"Suspicious traffic spike on core network"
3,"Network Overload",4,1,4,3,"Citizen-ID servers saturated"
2,"Network Overload",1,0,5,5,"Data-centre link congested"
9,"Power Failure",4,5,6,1,"Transformer overload downtown"
6,"Weather Alert",3,2,7,5,"Storm front approaching the coast"
7,"Weather Alert",1,3,8,5,"Storm front approaching the coast"
8,"Traffic Accident",1,4,9,5,"Two-vehicle collision on the ring road"
11,"Power Failure",4,9,10,1,"Substation fault in the north grid"
12,"Network Overload",4,10,11,1,"Citizen-ID servers saturated"
10,"Network Overload",2,9,12,3,"Data-centre link congested"
13,"Traffic Accident",3,11,13,2,"Multi-car pile-up in tunnel"
14,"Network Overload",3,11,14,3,"Citizen-ID servers saturated"
15,"Power Failure",2,12,15,3,"Transformer overload downtown"
16,"Traffic Accident",3,12,16,4,"Two-vehicle collision on the ring road"
17,"Weather Alert",3,15,17,2,"Flash-flood warning issued"
20,"Power Failure",5,17,18,1,"Substation fault in the north grid"
18,"Traffic Accident",2,16,19,3,"Two-vehicle collision on the ring road"
19,"Weather Alert",1,16,20,4,"Flash-flood warning issued"
21,"Weather Alert",3,19,21,2,"Heatwave advisory"
22,"Traffic Accident",1,19,22,3,"Autonomous bus stalled at junction"
23,"Traffic Accident",1,22,23,1,"Multi-car pile-up in tunnel"
25,"Network Overload",5,23,24,1,"Data-centre link congested"
24,"Traffic Accident",1,22,25,3,"Multi-car pile-up in tunnel"
26,"Power Failure",2,25,26,1,"Transformer overload downtown"
27,"Weather Alert",1,25,27,2,"Storm front approaching the coast"
28,"Network Overload",2,27,28,1,"Citizen-ID servers saturated"
29,"Network Overload",1,28,29,1,"Data-centre link congested"
32,"Network Overload",5,29,-1,0,"Coordinated cyber attack on city network"
31,"Power Failure",5,29,-1,0,"Grid blackout in north district"
30,"Traffic Accident",1,28,-1,0,"Two-vehicle collision on the ring road"
33,"Traffic Accident",2,29,-1,0,"Minor collision on Main Street"
34,"Weather Alert",3,29,-1,0,"Storm front approaching"
